<project xmlns="http://maven.apache.org/POM/4.0.0" xmlns:xsi="http://www.w3.org/2001/XMLSchema-instance"
	xsi:schemaLocation="http://maven.apache.org/POM/4.0.0 http://maven.apache.org/xsd/maven-4.0.0.xsd">
	<modelVersion>4.0.0</modelVersion>
	<groupId>com.fb.email</groupId>
	<artifactId>jombayaccountlogin3</artifactId>
	<version>0.0.1-SNAPSHOT</version>
	<name>Jombay</name>
	<description>Jombay</description>
	<packaging>jar</packaging>
	<repositories>
		<repository>
			<id>central</id>
			<name>bintray</name>
			<url>http://jcenter.bintray.com</url>
		</repository>
	</repositories>
	<build>
		<pluginManagement>
			<plugins>
				<plugin>
					<groupId>org.apache.maven.plugins</groupId>
					<artifactId>maven-compiler-plugin</artifactId>
					<version>2.3.1</version>
					<configuration>
						<source>1.7</source>
						<target>1.7</target>
					</configuration>
				</plugin>
				
				
    <plugin>
        <artifactId>maven-assembly-plugin</artifactId>
        <configuration>
            <archive>
                <manifest>
                    <mainClass>login.Maintest</mainClass>
                </manifest>
            </archive>
            <descriptorRefs>
                <descriptorRef>jar-with-dependencies</descriptorRef>
            </descriptorRefs>
        </configuration>
        <executions>
            <execution>
                <id>make-assembly</id>
                <phase>package</phase>
                <goals>
                    <goal>single</goal>
                </goals>
            </execution>
        </executions>
    </plugin>
				
				
				
				<plugin>
					<groupId>org.apache.maven.plugins</groupId>
					<artifactId>maven-dependency-plugin</artifactId>
					<executions>
						<execution>
							<id>copy-dependencies</id>
							<phase>package</phase>
							<goals>
								<goal>copy-dependencies</goal>
							</goals>
							<configuration>
								<outputDirectory>${project.build.directory}/dependency-jars/</outputDirectory>
								<overWriteReleases>false</overWriteReleases>
								<overWriteSnapshots>false</overWriteSnapshots>
								<overWriteIfNewer>true</overWriteIfNewer>
							</configuration>
						</execution>
					</executions>
				</plugin>
				<plugin>
					<groupId>org.apache.maven.plugins</groupId>
					<artifactId>maven-jar-plugin</artifactId>
					<version>2.3.2</version>
					<executions>
						<execution>
							<goals>
								<goal>test-jar</goal>
							</goals>
						</execution>
					</executions>
					<configuration>
						<archive>
							<manifest>
								<addClasspath>true</addClasspath>
								<classpathPrefix>${project.build.directory}/dependency-jars/</classpathPrefix>
								<mainClass>com.fb.main.FbSuiteTest	</mainClass>
							</manifest>
						</archive>
					</configuration>
				</plugin>

				<plugin>
					<groupId>org.apache.maven.plugins</groupId>
					<artifactId>maven-resources-plugin</artifactId>
					<version>3.0.2</version>
					<executions>
						<execution>
							<id>copy-resources</id>
							<phase>install</phase>
							<goals>
								<goal>copy-resources</goal>
							</goals>
							<configuration>
								<outputDirectory>${project.build.directory}/classes/</outputDirectory>
								<resources>
									<resource>
										<directory>src/main/resources</directory>
										<includes>
											<include>**/*.*</include>
										</includes>
									</resource>
								</resources>
							</configuration>
						</execution>
					</executions>
				</plugin>
			</plugins>
		</pluginManagement>
	</build>
	<reporting>
		<plugins>
			<plugin>
				<groupId>org.apache.maven.plugins</groupId>
				<artifactId>maven-surefire-report-plugin</artifactId>
				<version>2.20</version>
			</plugin>
		</plugins>
	</reporting>
	<dependencies>

		<!-- https://mvnrepository.com/artifact/junit/junit -->
		<dependency>
			<groupId>junit</groupId>
			<artifactId>junit</artifactId>
			<version>4.12</version>
			<scope>test</scope>
		</dependency>

		<dependency>
			<groupId>org.seleniumhq.selenium</groupId>
			<artifactId>selenium-java</artifactId>
			<version>3.4.0</version>
		</dependency>
		<!-- https://mvnrepository.com/artifact/org.seleniumhq.selenium.fluent/fluent-selenium -->
		<dependency>
			<groupId>org.seleniumhq.selenium.fluent</groupId>
			<artifactId>fluent-selenium</artifactId>
			<version>1.17</version>
		</dependency>
		<dependency>
			<groupId>com.github.detro.ghostdriver</groupId>
			<artifactId>phantomjsdriver</artifactId>
			<version>1.1.0</version>
		</dependency>
		<!-- https://mvnrepository.com/artifact/org.seleniumhq.selenium/selenium-server -->
		<dependency>
			<groupId>org.seleniumhq.selenium</groupId>
			<artifactId>selenium-server</artifactId>
			<version>3.4.0</version>
		</dependency>

		<!-- https://mvnrepository.com/artifact/log4j/log4j -->
		<dependency>
			<groupId>log4j</groupId>
			<artifactId>log4j</artifactId>
			<version>1.2.17</version>
		</dependency>

		<dependency>
			<groupId>javax.mail</groupId>
			<artifactId>mail</artifactId>
			<version>1.4.4</version>
		</dependency>

		<!-- https://mvnrepository.com/artifact/com.jcraft/jsch -->
		<dependency>
			<groupId>com.jcraft</groupId>
			<artifactId>jsch</artifactId>
			<version>0.1.54</version>
		</dependency>

		<!-- https://mvnrepository.com/artifact/org.apache.poi/poi -->
		<dependency>
			<groupId>org.apache.poi</groupId>
			<artifactId>poi</artifactId>
			<version>3.16</version>
		</dependency>

		<!-- https://mvnrepository.com/artifact/org.apache.poi/poi-ooxml -->
		<dependency>
			<groupId>org.apache.poi</groupId>
			<artifactId>poi-ooxml</artifactId>
			<version>3.16</version>
		</dependency>

		<!-- https://mvnrepository.com/artifact/org.testng/testng -->
		<dependency>
			<groupId>org.testng</groupId>
			<artifactId>testng</artifactId>
			<version>6.9.10</version>
			<scope>compile</scope>
		</dependency>

		<!-- https://mvnrepository.com/artifact/com.relevantcodes/extentreports -->
		<dependency>
			<groupId>com.relevantcodes</groupId>
			<artifactId>extentreports</artifactId>
			<version>2.41.2</version>
		</dependency>

		<!-- https://mvnrepository.com/artifact/org.springframework/spring-beans -->
		<dependency>
			<groupId>org.springframework</groupId>
			<artifactId>spring-beans</artifactId>
			<version>4.3.9.RELEASE</version>
		</dependency>

	</dependencies>
</project>